{"count":1,"self":427.30675199999996,"total":509.1599935,"children":{"InitializeActuators":{"count":76,"self":0.0012869,"total":0.0012869,"children":null},"InitializeSensors":{"count":76,"self":0.0015130999999999999,"total":0.0015130999999999999,"children":null},"AgentSendState":{"count":113474,"self":2.2062285999999998,"total":6.8859708,"children":{"CollectObservations":{"count":1724820,"self":3.5499392,"total":3.5499391,"children":null},"WriteActionMask":{"count":1724820,"self":0.3594978,"total":0.3594978,"children":null},"RequestDecision":{"count":1724820,"self":0.7703053,"total":0.7703053,"children":null}}},"DecideAction":{"count":113474,"self":42.766748799999995,"total":42.7667478,"children":null},"AgentAct":{"count":113474,"self":32.19744,"total":32.1974405,"children":null}},"gauges":{"3DBallv2_Chain.CumulativeReward":{"count":1269,"max":100.099045,"min":0.600000262,"runningAverage":43.22519,"value":56.69969,"weightedAverage":51.9726028},"3DBallv2_PingPong.CumulativeReward":{"count":4785,"max":95.89909,"min":-0.0999999046,"runningAverage":10.7861624,"value":0.8000003,"weightedAverage":7.72696447},"3DBallv2_Bowling.CumulativeReward":{"count":930,"max":100.099045,"min":0.500000238,"runningAverage":59.8646851,"value":1.99999917,"weightedAverage":13.39468},"3DBallv2.CumulativeReward":{"count":131,"max":100.099045,"min":0.400000244,"runningAverage":16.1853886,"value":100.099045,"weightedAverage":29.714489}},"metadata":{"timer_format_version":"0.1.0","start_time_seconds":"1702329865","unity_version":"2022.3.14f1","command_line_arguments":"C:\\Program Files\\Unity\\Hub\\Editor\\2022.3.14f1\\Editor\\Unity.exe -projectpath C:\\Users\\pvsar\\Unity Projects\\InteligenciaArtificialGB\\IA Grau B -useHub -hubIPC -cloudEnvironment production -licensingIpc LicenseClient-pvsar -hubSessionId 0c8713b1-8e79-4df9-bdcd-9eabcfd168f4 -accessToken d9K9yVt0PuWvCNlfJ1zx45B6FWnoiai6PTBY636ZTpc004f","communication_protocol_version":"1.5.0","com.unity.ml-agents_version":"2.0.1","scene_name":"SampleScene","end_time_seconds":"1702330374"}}